1.0,-1.954264152869202,1.7526150113225567
1.0,-0.1645091744118462,-0.6638463825493245
1.0,-0.640420374919715,0.10399533033507337
1.0,1.1474794764896998,-0.1733244090715884
1.0,-1.2842288329141769,0.3670063153655017
1.0,0.5412533801988462,-0.29529663249916155
1.0,-1.527202001204999,0.16855744554855148
1.0,-1.4431405170387126,-0.09138402707746811
1.0,0.38948558250753984,0.5665207274992522
1.0,2.5431875791643828,-0.28839544539814355
1.0,-0.5311042038079412,-0.0787949329398232
1.0,0.9574541980598883,-1.020380450018128
1.0,0.6279673652455635,-0.5752987281658412
1.0,-0.375613152448343,0.18846414420933477
1.0,0.5638852433816107,-1.0699674053398311
1.0,-1.1837946294228754,1.3601041729457006
1.0,-0.3836507139201309,0.8932483403677857
1.0,-1.8882443617239002,-0.49744614614145577
1.0,0.5580178865850133,1.5798150089389418
1.0,0.08704348665212605,-1.348898859176905
1.0,0.4146263053348425,-1.544443135368515
1.0,1.0430762078087679,-0.23726306467153427
1.0,0.29330521765441525,-1.2927926984244724
1.0,0.5713622868429128,1.0651339807894191
1.0,1.4206690482764255,0.044735497867923364
1.0,0.07320685909440224,-0.7127989772225457
1.0,-1.0273819055835443,0.5194965906004461
1.0,1.093340885930464,-0.7676597558705066
1.0,-0.3411539661152964,0.2933873271470707
1.0,0.3714516450390646,-1.0171715464954045
1.0,-0.6402260504282233,-0.18977640165505727
1.0,0.6944640368601831,-0.24075673082531887
1.0,0.011557865807228255,-0.19631398668874928
1.0,0.03432470181063886,-0.20786171186045238
1.0,-0.7151697075358905,-0.7894258548838893
1.0,0.03131392875811573,-0.21976323356329383
1.0,1.949423418111593,-0.3739465171841864
1.0,-0.3855533287478628,1.3196085910573123
1.0,1.133381723258824,-0.7420533497403848
1.0,-1.0048023769044518,0.17140163762246896
1.0,-0.8498175083939148,0.28184141319514117
1.0,0.7173470440794354,-0.32022330747156
1.0,-0.8861315565359137,0.14595715852204938
1.0,-1.5427597800764965,0.8354547371017537
1.0,-0.8150631470391356,-1.0588800175017268
1.0,0.4086739265261217,0.18562342563722026
1.0,0.6560784644264296,1.4346239960375138
1.0,-0.37283296673723293,0.927960716058932
1.0,-1.025123418299753,-0.3065739522394912
1.0,-0.09716737197724314,0.1905012841875676
1.0,1.2279093514964603,-0.1521882806839865
1.0,0.03930056439159356,0.31321441753030127
1.0,-0.008801447045194932,0.24615500696649142
1.0,0.006548126804416987,-0.5102231204451043
1.0,-0.8596970269033526,0.13647340778659894
1.0,1.851764637031143,0.3489043044184548
1.0,-0.8658297623309857,1.131158163095903
1.0,-1.4282103774028376,0.0870687668551775
1.0,1.3315089677426755,-0.8145496309732878
1.0,1.2244579422857096,-0.31157897650229516
1.0,0.2394743139998941,0.03825342382662756
1.0,1.6365546074403459,0.5930419050379436
1.0,1.1031844917918179,-0.5238111255939741
1.0,-0.9091005738573612,0.07203259457938284
1.0,0.45663239494334534,0.6043797200935155
1.0,0.2188604839650646,0.8247409253684922
1.0,0.13489777704798683,-0.46969692287867365
1.0,-0.05565525228929635,-1.5393661685900255
1.0,0.4879357517966606,0.2332413114125561
1.0,2.690331849192623,-0.9415551071741441
1.0,0.16012636964284785,-1.4443226117018075
1.0,-1.0004195343828495,1.0449551472714096
1.0,-2.217940022179151,-0.5381535536645069
1.0,1.071898078447514,-0.6584171214350979
1.0,-0.26192126354479617,-0.6101544345300923
1.0,-0.15752029098051115,-2.000602018351631
1.0,-0.21597824990130107,0.15055656180250812
1.0,-1.4264329637069493,-0.20847862814554122
1.0,0.3914381989279814,-0.926975225296662
1.0,0.4850782068419136,-0.7830794318291947
1.0,-0.7001767804418803,-1.542242353312361
1.0,-0.10440891358231136,0.8668008613753192
1.0,-0.2562463117387039,1.6232300418410621
1.0,1.617131433397717,0.018557011014527478
1.0,-0.5187335197614824,0.23815287844933783
1.0,-1.106195255870425,0.04014050197778831
1.0,0.014182625564829665,-1.1936829177719241
1.0,0.2086163656615054,1.987814934099871
1.0,0.02694341991729364,-1.593525749949491
1.0,-0.5753975849839752,1.7015998541464923
1.0,0.6099914551366893,-0.5361497248543912
1.0,-1.241024837140548,0.7354087883912118
1.0,0.08207236338254176,0.5202816142831104
1.0,-0.7549022034501726,-0.8710895823526515
1.0,1.053946558265839,0.05801762154308928
1.0,-0.8001449766648487,2.415062614730847
1.0,-0.8642146196160735,0.0460763360808503
1.0,-0.7679538934795643,0.39924023320755436
1.0,-0.931766743692162,-0.4200012804101166
1.0,0.6256228220435526,-1.2039762974348802
1.0,0.36093532405181644,-0.23149962863841422
1.0,-0.46817367573173113,-1.1019296041093543
1.0,-1.368810485363665,-0.23727499988614897
1.0,1.5855280755344017,-0.4016563955710356
1.0,1.143699296284087,-0.6945167695061575
1.0,-0.5685186740799366,1.3731422940658877
1.0,0.25039169070971373,-0.455512713962409
1.0,0.9086676943645029,-0.269001277917286
1.0,1.0487069693438096,-0.383283038828751
1.0,-0.7640217060998333,-1.3010828499867086
1.0,0.30096988661359864,-0.040289965884312044
1.0,0.3782402015697052,0.36218732054152875
1.0,0.644091200442241,-0.08297397489025649
1.0,-0.21124132216966715,0.3255220862860239
1.0,1.0073421076584377,-0.19469879788729547
1.0,0.28721697154967196,-1.5239722540176217
1.0,1.0450534817336443,0.4145369165760659
1.0,-0.8171519325886832,-0.030871677856241436
1.0,-1.3969184693501424,0.5610587045900106
1.0,1.445653057556073,-0.4400200913135916
1.0,-0.40817914794002674,0.11624164526676813
1.0,2.023998533194537,-0.2569679755422671
1.0,-1.8316050620909132,-0.6479599251615049
1.0,-1.2568840023442605,-0.4080338934194212
1.0,-0.021218545971152945,-0.6470979978401479
1.0,-1.597223599567931,-0.0684387373393442
1.0,1.344891477669129,0.6010218645705021
1.0,-0.15134402896676888,-1.427109786401183
1.0,0.41827153915451687,0.2176330212595704
1.0,-0.03503923670609672,0.16989216082337869
1.0,0.22972016171598258,-0.6110321374001366
1.0,0.679702086270577,1.4500031905144481
1.0,1.8019523437120084,-0.6684998565954816
1.0,-1.3008187434448402,0.5800285747336006
1.0,-0.48718271576752403,1.185443063491376
1.0,0.8256794055136188,-0.8875277133851333
1.0,-0.5185713695567099,-0.05707096226974807
1.0,0.8347345556721455,-0.7855530435462243
1.0,1.5005136251109896,0.8218067063006835
1.0,-1.2942728028986465,-0.8878754338383026
1.0,-0.06341150508300812,1.6155268831034206
1.0,-0.9637752440713209,0.8596068658957868
1.0,-0.3887335579732395,-0.03199866729021956
1.0,-1.825135878355592,0.21650833893011406
1.0,-0.9492819602061147,2.119213613997233
1.0,-0.8995000122076448,-1.4770446740420964
1.0,0.14868837857118233,-0.8403807425513841
1.0,-0.6289300995755466,0.10670150107296233
1.0,-0.5576242709339827,-2.9558913662378252
1.0,1.3944766954631433,2.029037097042253
1.0,-1.7537440540768694,-0.7317869220357028
1.0,0.6502676438232086,0.39623483409601173
1.0,0.9164693495736269,-0.16066185325969376
1.0,1.0399849833723422,0.7467880296218495
1.0,-0.4260234542510033,0.9648642188607484
1.0,-0.9684392335052602,-0.3477939111531456
1.0,0.08623500361769841,-0.3952949209682668
1.0,-1.3163276399993893,1.0723104380734367
1.0,0.8726779523902984,-0.4988297994379221
1.0,-0.8569222483144648,0.7546610091809556
1.0,0.30205619394594935,-1.1108329078569013
1.0,0.1869133343461856,0.07625670096038589
1.0,1.2067303554224715,-1.3071545886722349
1.0,0.19061928415965226,-0.1277858672421066
1.0,0.9972080799435699,0.17392854811097985
1.0,0.8805232607938529,0.12748528120396546
1.0,-1.484922589214108,1.2997549851565644
1.0,0.17782611841214988,-1.0375041614692697
1.0,0.2922986414576338,-0.577357072346967
1.0,0.002803034209971064,0.49174604681546785
1.0,1.4494378368523742,0.2738459692031986
1.0,0.42518431779970856,-0.42477048824840946
1.0,0.36383684718151943,0.6733179839398125
1.0,-0.5733838033301113,-1.155410602731007
1.0,1.183569941912201,0.6586455887274615
1.0,1.0571398300263943,-1.509591174807688
1.0,-0.6150812474134533,0.18714437339687162
1.0,-1.4208286130443037,-0.1419117765297825
1.0,-0.507210612143576,2.491477916059159
1.0,-0.804568753020125,-1.6512720884166994
1.0,-0.026949649932342716,-0.5969884539862739
1.0,1.3842703447602356,-0.9651168732065281
1.0,-0.737186414305605,-0.070095938204255
1.0,-1.0724740459062945,0.9414412277988482
1.0,-0.1841079679153854,-0.514631540540134
1.0,-1.2849123648199008,-1.715079049733941
1.0,1.0739062919818154,2.3589329453752628
1.0,0.55498314527526,-0.5387090889181403
1.0,0.6203782655242386,1.2883826409523487
1.0,1.6447533262213985,-0.857388482516068
1.0,-0.4248324338810842,-0.49252759548628733
1.0,0.10163884184892197,-0.6976039562776029
1.0,1.454297973315605,0.29797940770647574
1.0,-1.7354335578370172,0.5337741416125794
1.0,-0.42282114025328493,-0.6462917304990492
1.0,0.18433643385079276,0.22181795618583527
1.0,-0.7710722061185971,-0.8986282124813658
1.0,1.5638850649005418,-0.2750927959333951
1.0,0.6083071498279302,0.9754384799826453
1.0,0.9083597324048753,0.34562645238576367
1.0,0.41163631446703947,-0.5427873684956425
1.0,0.38250948989938066,-0.37486470124707216
1.0,-0.22345797610555446,-0.5044300613988403
1.0,-0.12696801197597452,-0.22161509831960885
1.0,-1.0828740166353097,-0.09030483656497826
1.0,-0.12437365761847147,-0.022033528613216
1.0,2.0965647008998913,-2.032969842715808
1.0,0.2709243728484399,0.7325565749393493
1.0,1.1169855437091467,-0.49409224504842053
1.0,-0.2444418896784129,0.43803953213696395
1.0,-1.562285060516282,-0.9193640371968524
1.0,1.2606280420050684,-2.339360487561498
1.0,-0.37199948679637646,-0.34235709402960574
1.0,-0.3950282320414051,0.4749341305268454
1.0,-0.813816565482792,-0.02162583964452213
1.0,0.33427668877848166,0.16570264882709604
1.0,-1.4203345672643348,-0.14270142012117587
1.0,0.5015374651233989,-0.7182812168752635
1.0,-0.7353618090455618,-1.2618791775437772
1.0,-1.4294271053810708,0.7098842436679053
1.0,1.7036722639574569,0.08321324983173727
1.0,-0.9961212998881382,-0.6515369821067345
1.0,1.814967778000714,1.7591022717871654
1.0,-0.7605188265843443,-1.207660368294179
1.0,-0.7278290576897968,-0.7888589102330628
1.0,0.24634889634132998,-2.4280102317608647
1.0,1.4776561643640957,-0.16791219270711227
1.0,-1.5515178376683711,0.8139498156636588
1.0,-0.9466365745154943,-0.32119736662218695
1.0,-0.7874321362737305,-0.9600966806902117
1.0,0.3363386600479355,-0.6902461426898907
1.0,0.5880977315870831,1.0617192990713387
1.0,0.9408780170970747,1.6051482904155039
1.0,-1.1274796684477535,0.4770341336778248
1.0,0.7335332723692707,-0.5295600867914959
1.0,0.6438013412903262,0.4591417378900816
1.0,0.9465216627869041,0.2929876841109211
1.0,0.19692182285986637,0.8131102863906078
1.0,-0.3004484653868192,-0.8776332397241813
1.0,0.10336797811064279,1.3921150286894555
1.0,-0.6902233491683043,-1.1615828410738829
1.0,0.6660661462709186,1.4245644610049988
1.0,-0.012077065654629163,0.33103323282568
1.0,0.2500213424854579,-0.21884815426511622
1.0,1.3021222272873496,-0.2555560307670012
1.0,-1.603858994155219,-1.165721743588941
1.0,-0.7325674910957499,1.211596602554546
1.0,1.5379223008962708,-0.3455567177673751
1.0,-0.5259051702247163,-0.048665634734338534
1.0,-0.1711508641912104,1.6827936572598472
1.0,1.0967267462962864,-1.6436588518973674
1.0,-0.03902100114990041,0.5996120903957648
1.0,0.34444497701114574,2.091662796915086
1.0,2.5492307904229765,0.5103148531120365
1.0,-2.4093109476958325,-1.5736414249797408
1.0,-1.9923600538914177,-1.5094813588307379
1.0,-0.4100762232786057,0.2641185107045574
1.0,-0.3612530597007217,1.804778286330643
1.0,-0.7831378552349143,2.381582025005861
1.0,-0.36042285698152426,-0.0016185617027264115
1.0,-0.368790646326278,-1.6242445619902968
1.0,-1.2024532920641087,0.5487007695454565
1.0,0.192492599287789,1.2435829206297009
1.0,0.09427629372988172,1.113223087134134
1.0,0.8506253876999349,0.5908554863857677
1.0,0.23209298706404008,-0.8583311202574854
1.0,-1.9012502415019399,-0.9293366486787674
1.0,-1.3868993458599088,-0.9022314057000327
1.0,-1.3624107640163445,0.28508060284210957
1.0,-1.4355592346719466,-0.7810289004632062
1.0,0.3519140441382948,1.9204193583617881
1.0,-0.22947146466683815,-1.8073817717077898
1.0,-1.0137416306408706,2.282456715528888
1.0,-1.4071852821646214,1.4156234926499836
1.0,-0.051661759125549836,0.47196370796015885
1.0,-0.2614996525398059,2.224563507517846
1.0,0.5013091544418561,0.89419171695026
1.0,-0.5771027726460731,-2.933496704166509
1.0,0.01940078767582701,0.2393756378871585
1.0,0.2888418438562632,0.7195219286193957
1.0,-0.8827006967848664,0.46259166677926933
1.0,1.0041954298350102,-0.7512118152826763
1.0,-0.932591569654283,-0.2572381592724129
1.0,0.6838161752812808,1.3245878550350474
1.0,1.6010260797855163,0.29879346152048064
1.0,0.32368027220558926,0.1386388280615009
1.0,1.4920047826670724,-0.9689199583166316
1.0,-0.6374403705729017,0.12228852549780275
1.0,-1.6141839161899267,-1.8268451321273471
1.0,-0.5629609117827479,0.1145297663487626
1.0,0.29447309386484405,-1.405313885020891
1.0,0.7366466105742512,1.716183938493824
1.0,0.31516908769742374,1.1128573363866578
1.0,-0.2534613949047591,0.029083143551327583
1.0,0.6498021486975359,0.6584090794920413
1.0,-0.3954306940349091,0.6226349484860527
1.0,-1.5016867751217677,0.24892311025284222
1.0,-0.8366657831700998,-0.47245205261595413
1.0,-0.4648449879350964,-0.13644948236485852
1.0,-1.635667506040029,1.065230362516756
1.0,1.3020689965181962,0.5552340591324771
1.0,0.32006847763823587,0.3439526398594806
1.0,-1.2628019699027546,-1.6586480528161769
1.0,-1.3939138862394427,-0.02431838401323221
1.0,1.860518803097637,1.490028523984904
1.0,-0.5240004215120687,-1.3831660788174955
1.0,-0.6670646405306865,-1.3004049505541937
1.0,-0.5170203251262746,-1.3815948612942845
1.0,-0.5550799243663886,0.12648993483794851
1.0,-0.23794577395055233,-0.23782119074824584
1.0,-1.1805022870109083,-0.41252092964149256
1.0,0.970363767702765,0.3627868587305999
1.0,1.5864361862197305,0.6644019858808298
1.0,1.7469924053864292,-2.2336989891621224
1.0,-0.27250048052601583,0.9573517551724237
1.0,-0.7982483521333671,0.8211048811028796
1.0,1.194934239347121,0.41994366985874226
1.0,-0.1064513080514762,-2.1751249865224467
1.0,-0.027015293888065187,-0.5650530598175598
1.0,-0.6313726533780271,-1.561019347670902
1.0,0.5693818342905321,0.5593902861677178
1.0,-0.10528603880077006,0.38184621532294605
1.0,0.5503730248928307,2.2031157351635677
1.0,0.6511720329638715,2.800964474129265
1.0,-1.489337313203678,-1.8642825831244987
1.0,-1.7488579260630752,1.0169913686926386
1.0,-0.16045714811306147,0.4209344731171473
1.0,-0.7831625018650097,0.01845635466835366
1.0,-0.8140203713901094,-0.18663910252526406
1.0,-1.616752241215253,-0.3137058904824839
1.0,1.2606020225713641,-0.6249027922351947
1.0,0.24517793228755264,1.637926278609046
1.0,0.2805708373883318,-1.1740330267732653
1.0,-1.303898917923453,0.29233957976319186
1.0,-0.3390995265755202,-0.46070108486451267
1.0,-0.08722920421982618,-0.4139688071123723
1.0,-2.2143710814572497,0.010539319665121167
1.0,0.8463458318641057,0.3850662880519146
1.0,-0.029616961264473367,-0.18244622221363735
1.0,-1.0282565930686316,-1.7555025548882974
1.0,-0.21595330640768481,0.29330913936284514
1.0,-0.5007512054361593,0.7849266723638239
1.0,-0.4855413231313255,0.5338477046416688
1.0,-0.29860013074915653,0.29249578811353244
1.0,-0.48861343419823994,-0.9390400444408737
1.0,-1.0976122815301539,-1.0188618215168197
1.0,0.058366600189913846,0.43637937493633583
1.0,-1.6901803702704006,-0.8034869831878789
1.0,-0.8556010973098646,0.5275323234209008
1.0,1.302854526024633,0.9054828880771405
1.0,0.9825700228944414,1.1397547170971922
1.0,1.6376065252226994,-0.8641856581755533
1.0,-0.5292757329589649,-1.0060246551377257
1.0,-0.8015751834594331,-0.03778111813776931
1.0,-0.6350591562118129,-0.7537981005284731
1.0,-0.5930927268071122,-1.195631300426752
1.0,-0.01055190083637773,2.085276473935159
1.0,0.28889466099725364,-0.4294479375859061
1.0,-0.036123916023318416,-0.007553596132001114
1.0,-1.4672259729128352,-0.6103488126530155
1.0,1.2138118412389851,-0.8456433883107344
1.0,-0.677552007019866,1.6652757644107221
1.0,0.0580824937213824,2.014631058141988
1.0,0.1987906980958436,-0.07735979699666526
1.0,0.014053340203565754,2.0808304444405064
1.0,-1.058757767230265,-0.09854680961502511
1.0,-1.2254131293649342,0.9700296358745412
1.0,0.8846412606685453,-0.4760412214123165
1.0,0.9744649083382814,0.48615170671943636
1.0,-1.6766333742373924,1.1356272661150661
1.0,0.8083839736953184,0.026000687497645336
1.0,-0.948908380874664,0.08449068632855641
1.0,-0.19421179894644333,-1.3139446337631226
1.0,2.517367738811152,0.7997951363706776
1.0,1.5481552660615994,-0.8667891319508166
1.0,0.7047718810848386,1.4482927091138311
1.0,-0.27993549385015487,-1.2084239898324667
1.0,-2.3484691698699653,-1.1646045872954867
1.0,2.7517299551581056,-0.08911198463126468
1.0,-0.5109340197785226,-0.06237295743644597
1.0,0.855250723477163,-0.5345095597991816
1.0,-2.344651335586614,-0.14023311707228037
1.0,-0.8805780494663781,1.0951778636799845
1.0,0.07057563100895102,-0.5119012060159341
1.0,-0.021238433319421577,-1.3865308152501628
1.0,0.05424265337585066,0.31120116439384604
1.0,0.4357631057345433,0.9049032363326102
1.0,-1.3392218993706952,-0.24783230209803042
1.0,0.8814126411191955,1.8864076764050113
1.0,1.5937099512647346,-0.05318715702225666
1.0,0.25415164886994124,0.35569203522954546
1.0,1.4307549946827132,-0.8703140713997144
1.0,0.8685624554332042,-0.9033820463148693
1.0,0.6274741208988213,2.9074927164940103
1.0,-0.13605976872463926,1.26688246672932
1.0,0.5917087725299803,2.0783606927699996
1.0,-0.12744406854994844,1.4187964616297828
1.0,-1.994317956583836,-0.801633192041614
1.0,0.8539438312453732,-0.29861495779441233
1.0,0.7025362497541755,-0.8480921433499176
1.0,0.3291531972807373,-0.31348988223465113
1.0,-0.01164957310591371,-1.0290039881490183
1.0,-0.424118133681499,2.1303981382033985
1.0,-0.17106469248405004,0.5514138782650414
1.0,0.998016601112746,-1.763244333762795
1.0,0.28332530503172587,0.14405356576037187
1.0,-0.9219636804735322,-0.3165512282123846
1.0,-0.7253180617736439,0.10140509523463838
1.0,0.9055074448452679,0.2768022110523495
1.0,0.3235303391300912,0.9277749994307428
1.0,0.911977727976994,0.503169753520188
1.0,1.3659971967547924,-0.4044645167597369
1.0,-1.0327119567450116,0.9251315972810685
1.0,-0.6420481136532151,1.3616912327483537
1.0,-0.8369871003326343,-0.005726390410223499
1.0,0.5077192352749629,0.7664699584331639
1.0,0.47123528427539463,1.4200483259342949
1.0,0.07987540507969047,0.9255389458931463
1.0,-0.10309716950140665,-0.48388501416259266
1.0,0.8537545498232373,-0.6082730162135292
1.0,1.0669754659791577,-0.8919980070713894
1.0,-0.7883810991024044,-1.389922516574822
1.0,2.1866645670373304,0.5463482636881276
1.0,-0.9827504909577036,0.7110185427361037
1.0,-1.8199219292402158,-0.7058904303230753
1.0,-0.3695709537195583,-0.7026572873955101
1.0,-0.33105674945764496,0.19443538171329
1.0,0.04468091004597502,-0.6790363076994151
1.0,-0.456521990112389,0.2597090890628543
1.0,-1.129376045984799,0.4219508739916292
1.0,-0.2097161777000606,-0.059719465369010745
1.0,-0.3509916560028572,0.3826257622730668
1.0,1.1846339531973682,-0.7089666066549145
1.0,0.7641635540197401,0.05555841145593335
1.0,0.6337452182381795,0.78875079498411
1.0,1.0952056229280505,-0.8149083935108233
1.0,-2.402021139678054,-1.0057137793638873
1.0,-0.08218337437964508,-1.0163820659684815
1.0,1.5736874605907758,1.1619688232329242
1.0,1.186207033738588,1.6505861807797244
1.0,-0.27325708005996496,-0.38893072101424664
1.0,2.122753432938837,1.0587337338561722
1.0,-0.34213432140444816,0.21249834072957274
1.0,-0.42407961276824374,0.001907319334047475
1.0,-1.4904173752354541,0.33770991519226107
1.0,1.62777180524455,-0.8196495895427494
1.0,-0.20545059806628768,-1.9429599813795908
1.0,1.203629635352827,-0.3112687981246088
1.0,-0.2960904329311122,0.9324943662193632
1.0,0.011322392588979668,0.45119257956052133
1.0,-0.5239537366219471,0.2379606969731081
1.0,0.6099812862999444,-0.4021630701768646
1.0,-0.5266433277977415,-0.8584735291823152
1.0,0.5073950772515707,-0.8642302956436045
1.0,0.2660278714321724,-0.38419675151207666
1.0,-0.1715816155314108,2.103578551238392
1.0,0.357774747266085,-0.5254207992625826
1.0,-0.4585529695856584,-0.3585401064511461
1.0,0.6587886768004525,0.9675260966021474
1.0,-1.0742892516308093,-0.08651719618069577
1.0,0.687886843187247,0.4017757866826876
1.0,-1.6651405507134749,-1.8414204736866076
1.0,-0.29313516731775785,0.6370739629965205
1.0,-0.7806754572023202,-0.13225677216554424
1.0,-0.49556596644199213,-1.3420621473063636
1.0,0.9773576755942768,0.4974338126346119
1.0,-0.10815405728466025,-0.6718841524684865
1.0,0.25828651114518575,0.06534240161690076
1.0,-0.6342088618784933,-0.10168790501452836
1.0,1.4609048838418088,0.11518945742336709
1.0,2.207691042754262,-1.0330706063941921
1.0,0.3716212408589273,0.7969672211639519
1.0,-0.4074024390499596,1.3297331379523913
1.0,0.037169411888323456,-1.6484000776752874
1.0,0.528476390902751,1.2650126810779334
1.0,0.39570024697219164,0.26256895764080246
1.0,-0.5556465758683671,0.19563073013017931
1.0,-0.6572903983155438,-1.177569802617316
1.0,-0.18459579451636302,0.028229833297875054
1.0,-0.7445601140986787,1.2140549170829646
1.0,-1.2388790523650917,0.46872299360331665
1.0,-0.4423722547593772,0.6939901052625989
1.0,-0.30953857512360444,-1.7663142821424578
1.0,0.1701331955342989,-0.9614260990573995
1.0,0.059199591770877885,1.3974257265765906
1.0,0.9568350362356102,0.3760698422346709
1.0,-1.324869392902297,0.465594620380649
1.0,1.0690108517774974,0.815187274287078
1.0,0.40401791287955724,0.23850250417984317
1.0,0.24795185420405727,1.3994774916265835
1.0,0.04269842076393928,-0.42707024738346666
1.0,-0.9687060543797663,-0.55215401422657
1.0,-1.7132075176170751,-0.07898559461148316
1.0,-0.8572605820380202,-0.07481119873827106
1.0,-0.4103954137269335,0.5756354718221618
1.0,0.5841281346899256,1.4736925378406804
1.0,-0.7183348252713095,-0.7820017407903871
1.0,-0.2721097313684053,-0.002983997221984683
1.0,-1.1920962798654193,-0.14196605025636916
1.0,0.4488438489036137,-2.0876869121852164
1.0,-1.089311446260183,-1.3260577999478906
1.0,0.07451155338668863,-1.7751232242951251
1.0,-0.4972557631643852,0.0556529610278278
1.0,-0.022668977700910885,-1.7082064626362337
1.0,-1.9292567315710354,1.463935371133503
1.0,0.6043956185378344,0.6437139989687166
1.0,1.3315544329940583,-0.12732920754719068
1.0,-1.8278204120302055,-0.8574888510562252
1.0,1.119346082660995,-1.7113292033639647
1.0,0.36467535003371776,-0.0635072206064187
1.0,-0.27684985186040695,0.10225109406503773
1.0,1.0711291177590692,0.24531926482372618
1.0,0.03225164193710439,-1.1696367497490163
1.0,1.6189442863086274,-0.63199498277625
1.0,-0.6163505142381958,1.2204398649558625
1.0,0.35838882392446014,0.07452322985679385
1.0,-0.5341828603654624,-0.8723251313273676
1.0,-1.0298075491747403,0.863546568392857
1.0,0.941176063001397,-1.2735434824944414
1.0,-0.18470854398561673,0.15053000568294891
1.0,-0.5904713971565757,-0.4595963853634866
1.0,-1.4665137798275372,0.49625692267426974
1.0,1.641866611103483,0.7199765368127893
1.0,-0.12361882081152543,-1.6123530397159822
1.0,0.10174219842995222,-0.1250530102756764
1.0,-1.0220999662873207,1.4630752893155838
1.0,-0.5495863536014713,0.31236868159093023
1.0,0.9815314511069375,0.5170771893917185
1.0,0.3750324381324924,1.074137853513762
1.0,0.1992131239494845,0.6127177412780426
1.0,-1.278844170234721,-2.9357465332848314
1.0,-1.498899706319865,-0.3944698762328981
1.0,1.986203170260629,-0.23042800027747393
1.0,-0.31532808194382717,-1.4991483850513259
1.0,2.982289080496783,1.036421952860197
1.0,0.40788001945818064,1.3070049075368027
1.0,1.5698673132799745,-1.1472906364370465
1.0,0.8480737913193046,0.24832685217195444
1.0,-0.13631530963039246,0.48203422098284865
1.0,-1.0292049564035217,-0.5403451041651708
1.0,0.5523521335510347,-0.9148497198462704
1.0,1.0550161239007283,-1.6417254096782627
1.0,0.5912974535898576,-0.26542095003008753
1.0,0.693947710800327,-0.07827669058649539
1.0,-0.3147398153563368,-0.25976570137152905
1.0,-0.4564411710645562,-0.4831746872013352
1.0,-0.3382413136207741,1.396153462500864
1.0,0.8712060272881705,-0.622851315583688
1.0,1.9132173678415887,1.0522150830034156
1.0,-0.03493803055222233,1.236760656902191
1.0,-0.46804194311976044,-0.30384231323799993
1.0,-0.6805809297465448,-0.8297992795711435
1.0,0.9818548636949843,-0.5880417765416883
1.0,0.28343164505917456,1.3472441958669041
1.0,1.0487849917574574,-0.16523344704503662
1.0,-0.15999813182237202,0.31275362811573315
1.0,-0.6821750106402399,0.8975906231226399
1.0,-1.2266196255183952,1.7467891553460082
1.0,0.38412096272047086,0.17185988825429185
1.0,1.459091557867619,-0.11188681039320794
1.0,-0.9611261905895984,-0.016761393798616662
1.0,1.811827856305988,-0.8339209430135528
1.0,0.7117846276824448,0.3302668031570175
1.0,0.3475935360094996,1.3139610091962821
1.0,0.39783374153231926,-2.3029204779301495
1.0,-1.2273259098601976,-0.14440762159334425
1.0,-0.34146199525927257,0.09061841554897697
1.0,0.9660469568520168,0.1339512361618805
1.0,-0.9142980145288607,-0.7275910850884906
1.0,0.8575070504602169,0.29938336218031864
1.0,0.33090307715142997,1.1892386757994475
1.0,-0.6477960188874444,-0.3729369843741631
1.0,0.36575181305483445,0.7940419913438841
1.0,0.2506596890936716,1.656812330765785
1.0,-0.4653663262219425,0.13646591062573954
1.0,-0.7508208190736072,-0.08285452884616086
1.0,-0.48894739463338754,-0.3076927880106242
1.0,-0.8247018121399735,0.29055530247556277
1.0,1.2863385451558031,1.1702722206622849
1.0,-1.7623003212724828,-0.4310225022191167
1.0,1.951554728586671,0.08779449616936157
1.0,-2.184271684325461,-0.5318615309125128
1.0,-0.7278188516489504,-0.4213127074372897
1.0,0.31505398081862523,0.9464793785662113
1.0,-0.48957081971885485,0.04694269838269459
1.0,0.13946537226140623,0.3342950279920652
1.0,-0.1894053845813526,-1.222796189950215
1.0,-0.21675543381001497,1.2242644550664072
1.0,-0.7471262648281431,-0.9861483157103246
1.0,-0.358984731124657,0.6256613544856408
1.0,0.05710921859017837,0.9942809055978525
1.0,0.7210480837429787,-1.2208767652792998
1.0,-0.8290313209858109,-0.5421161883234319
1.0,0.1413975733675257,0.06933864176304265
1.0,1.5727483668896667,1.1323751480239586
1.0,-0.3049935291971835,-0.9158138295760432
1.0,0.43176858993063855,-0.06150459716314609
1.0,-0.9447494901682447,0.5979037354858767
1.0,0.1877858979027216,0.030644780203043752
1.0,3.3686387131840663,0.6213258266580131
1.0,0.23067501008272698,-0.8839411381711967
1.0,-1.744014634664462,0.6126023562947803
1.0,-0.3246905327354073,-1.3711651674975371
1.0,0.19482499335994052,-1.8788304508231088
1.0,0.42545125359621716,-0.7088215200654819
1.0,-0.638002965448161,0.9171221545122759
1.0,1.602323043544013,0.3411247608307188
1.0,0.688454111493675,1.1020243572424184
1.0,0.6849586168085804,-0.2479236643125823
1.0,0.9279608215324813,1.1258458741186357
1.0,-0.21642187487537196,-0.6102343498214892
1.0,0.7152169716334326,0.5560630126926303
1.0,0.8992206637674057,-0.6856854160146055
1.0,0.5265795998908144,-1.508594860064286
1.0,-0.45385055833648863,0.053865332516157445
1.0,-2.9254478656425507,1.3445237993191832
1.0,-1.3160301118087254,0.6779330945916788
1.0,-0.5421424490833165,1.0837370293251603
1.0,0.10952021598308458,1.3812332318191485
1.0,-1.7387960937359292,0.3913441925201267
1.0,0.6058993682486599,-1.4931806824350349
1.0,-0.5992004110766878,-1.5069244117405314
1.0,-2.204482211622472,1.069887680811686
1.0,0.7930123448043661,0.42420024160452036
1.0,-0.16319948553718236,-1.1239958882668932
1.0,-1.7140708201562092,0.8107580346275953
1.0,-0.7660197257273863,-0.19750337346408303
1.0,-0.9709192711677848,-1.7672696747537773
1.0,-0.9764233130086245,-0.3888684869067778
1.0,-0.7863003936246589,-0.8839970830802424
1.0,-0.8775507356167428,0.12625984834450207
1.0,-0.4507314669758927,-0.39179205853251
1.0,0.2844988250184608,0.33493648828940553
1.0,-0.548992997995125,-0.5180001634018347
1.0,0.9664624287583415,-0.8044212965385901
1.0,0.8076803749609271,-1.2283069740755892
1.0,0.5331179169674827,-0.8676800640604608
1.0,-0.36365947862301207,0.11114192677965906
1.0,-0.8416531796279487,-1.337392080849442
1.0,-0.27423485039614987,0.48895145749919294
1.0,0.19662639128973053,-1.1941350994857702
1.0,-0.05727814530964695,-0.8495007644369634
1.0,-0.9911059816076373,0.47880018198720253
1.0,0.1370395843079021,-1.0950365639108643
1.0,0.4553501815403148,0.3509596866564663
1.0,0.11583515625073072,-1.0854175765349263
1.0,0.30543443839273937,-0.2541309470583761
1.0,0.8351606817906062,-0.046519256366941306
1.0,-0.6615295238763358,0.1875325645756613
1.0,-2.145297586879631,0.4674562405359781
1.0,0.39921454970277254,-1.7404673048776798
1.0,1.7284900058186075,-0.023294628659757805
1.0,-1.2432108679897327,0.9530123503152792
1.0,-0.10332398144811933,-0.8912527632379157
1.0,-0.399185411236827,0.603280184848596
1.0,0.28470337035072746,0.39021341317127733
1.0,-1.634981029636123,0.1148149986408395
1.0,-2.276929315900048,-0.0440262776817919
1.0,-0.2929610317136967,-0.13906915601951983
1.0,1.4604175612942085,-0.49167388070633583
1.0,-0.8256773450974753,0.30735647711099695
1.0,0.951595150469345,1.2735149458679884
1.0,0.1043156836263475,0.39458361418397886
1.0,-1.4190228755867604,-0.4905058876349139
1.0,-0.21004444258084054,-0.8336542264038792
1.0,1.38937562437458,0.6557650084371202
1.0,-0.0274612969491828,0.16445186496459752
1.0,-0.5564467357720148,0.5296446751059407
1.0,0.6498280102612997,-1.5807942150162322
1.0,0.5567124773014442,0.1915908576509055
1.0,-1.0800812835564748,-0.6079733867942154
1.0,0.878091809897318,-1.3479924967950871
1.0,1.7748376351108064,-0.8540029956587571
1.0,0.24761030054302224,0.5476405626751839
1.0,0.09896411886198557,-0.02571193326737693
1.0,2.026287829109212,0.4062090779670681
1.0,1.1909344163926656,0.950244922877472
1.0,0.9733674818794747,0.2757623316263378
1.0,-0.7758925409837768,-0.8368319732287965
1.0,0.10449380947263145,-1.1561432331991652
1.0,-0.021643061190438524,1.8203376905502269
1.0,1.466542696746399,0.12193712421500151
1.0,-0.8176183943426831,-0.6520216096746841
1.0,1.0223815073036526,-0.9026815783379991
1.0,2.083320171654906,-0.1636123286707531
1.0,-0.345278389163325,-0.5903768445884298
1.0,0.2474319854425807,0.3358916483394246
1.0,0.30897674587222823,0.30559225626522063
1.0,1.9617582860320368,0.7858495938668412
1.0,-0.8519575500368627,0.1349113006287989
1.0,0.3514436537931934,0.7936422285776616
1.0,-0.20097225622983525,1.8854812707784057
1.0,-0.6066104499201909,0.1457814843583682
1.0,-0.891799248109923,-0.8732783912538588
1.0,0.4898103002063541,-0.4359742793955769
1.0,1.2159121174976573,0.2998707779262109
1.0,1.0164804014397306,-1.1960035955612873
1.0,0.6255963827127637,0.5921112768735383
1.0,-0.11744213199804321,-0.4920337093421117
1.0,0.45475105791860937,0.649260523780392
1.0,0.011590868908972098,0.8560510873374594
1.0,1.092511175217652,-1.0710272524709497
1.0,0.5213208067482089,-0.1110296881180971
1.0,-0.13320715660962226,0.40553507964720387
1.0,0.37928511693837913,0.17276009733243464
1.0,0.21231202695075732,0.7635440439595536
1.0,0.7790979670486091,0.8214383340337436
1.0,-1.018878441315914,0.28153965276864157
1.0,-0.6306053321240913,2.613910838605848
1.0,-0.02763374428947639,0.5908244395300392
1.0,1.140089418479712,0.31899085048798026
1.0,0.9310509486550702,1.4919736423196222
1.0,-1.1776992136134226,-0.2457760319341301
1.0,-0.5455485977119018,0.47646611051249815
1.0,-0.4600230978542729,1.8400371876319328
1.0,-0.41249585861347965,1.9168740254958494
1.0,-0.08827402984792881,-0.15522037829177282
1.0,-0.334702939169136,-2.2853464350573525
1.0,-0.3538420569951858,0.32863254994766966
1.0,0.10080645017203554,-1.9819264369560268
1.0,-0.8808066082883416,0.9802318979205783
1.0,0.11698107102894184,-0.4730841378292779
1.0,0.07310272834988674,0.8855827779813288
1.0,-1.5619606110713924,0.045064713607014924
1.0,-0.5579013485426602,2.072485214462481
1.0,0.5373632216788228,-1.0586861287400398
1.0,0.14054430965110512,0.8479216992433153
1.0,0.29991586399754977,-0.08892939366813468
1.0,0.5284920566476247,0.1906041120956242
1.0,1.1614230394600416,0.47224311046534684
1.0,-0.5778170807984444,1.4580127097499713
1.0,-1.4428673629607243,-0.7056367786366671
1.0,0.8661166954658376,-0.7684404504850251
1.0,0.33781080304960504,-1.8289513702720466
1.0,1.2206124198800155,0.5950745243217538
1.0,0.9206192365077236,1.4875963776310444
1.0,0.5749465971278024,0.6540078672230865
1.0,1.5977573283175843,0.09886019026455764
1.0,-0.6971578095280576,0.6346234099359677
1.0,0.4216868402862928,0.40983211070473874
1.0,-0.20034244729691725,0.8381899772888051
1.0,-0.6228977085741942,-0.8390383691855372
1.0,-0.3726791358255949,-0.1685634154090314
1.0,-0.6185545098040058,-0.5218783547889111
1.0,-0.4679158763733562,-0.3112729896156767
1.0,-1.963328550113877,-0.5980654512462366
1.0,-0.3450950019923041,-0.5302390245995616
1.0,-0.09140587983040813,0.8968329612634576
1.0,0.0974428994126722,-0.27823194326917805
1.0,-0.6561984298203565,-0.08177399759660668
1.0,-0.42144533663558553,-0.03745137369383627
1.0,-0.9299432015184372,0.013325717297781427
1.0,1.2298467802293656,1.1039072344436565
1.0,-0.8952346268566157,-0.08262847576615322
1.0,-1.5074070714079273,-1.1417286049653772
1.0,0.6604467932635619,0.9194888777129421
1.0,2.2485088355868066,0.47209692864294334
1.0,-0.4793628101505992,1.4899841634915134
1.0,1.7118071759096716,0.2479345575009154
1.0,-0.6362571706041322,-0.5362207196645633
1.0,0.41160448725819,-0.6663930857684264
1.0,0.1934192184954968,0.06500010908317937
1.0,0.6245649629371804,0.9803805493885002
1.0,1.9825440371498133,-1.8322678480525183
1.0,0.6335410085003018,-0.42363575409231824
1.0,-0.17705601326070303,-0.16855236782948538
1.0,0.24567811339255502,-2.451526399995746
1.0,-2.5355585267453504,-1.004274657051853
1.0,0.21069204420477794,-1.5230524478270748
1.0,0.9058659187148833,-0.8364134195521654
1.0,0.6184185584097064,-1.7635493105069249
1.0,-0.44954037244452205,-0.9007091426990111
1.0,0.06940837307386745,-0.13733864431199438
1.0,-0.47979511830224436,0.8049053858112191
1.0,-0.13392183732298477,-0.6948024674973546
1.0,0.37675643612816545,2.8715627053329107
1.0,-1.3159180246453437,-0.6262436971376217
1.0,-0.36849660004289303,0.4635142901806905
1.0,-0.8098294691428558,0.7661457298156276
1.0,0.33509964790805713,-0.06665843931159375
1.0,-0.1902009466328503,0.373481161673658
1.0,0.9840157302507054,-0.46726356725234147
1.0,0.3523678702442891,-1.4340881368304845
1.0,0.3941779075442782,-0.7557576004442729
1.0,0.48518217886681486,-0.7018163456999603
1.0,0.06846448921120224,-0.3183643371548695
1.0,0.6883957918851451,-0.13395052269456229
1.0,-0.43546877004924667,0.6241187667875722
1.0,0.5853897156517982,0.9634681189430774
1.0,-0.06658723566431876,-0.4880307471097507
1.0,-0.5600107883793087,-0.8675113369966945
1.0,0.39360326579701466,-0.7693666743036794
1.0,-1.0323019375221973,-1.9904653479379772
1.0,-0.6311375755633242,0.343249191568381
1.0,0.3891307347335869,-1.7227161298229612
1.0,-0.14090009306505025,-1.3009469713824697
1.0,0.18706664483035773,0.38379118452194483
1.0,-0.5466727932815224,0.41291385286414334
1.0,-0.2831835211567634,-1.5852107596988338
1.0,-1.6097758062332317,-0.9146312489959457
1.0,-0.1035019452903099,-0.08393134637872368
1.0,-0.5783829004015143,0.5476496597814653
1.0,0.19723735414453075,0.22760183083544389
1.0,1.6641195911718374,0.9408981856273332
1.0,1.111875213495878,1.4721593826872579
1.0,0.6831120647941507,-0.5727549055532701
1.0,1.0870179494224754,0.4558743211431918
1.0,-1.0032179876573464,-1.1702861088865109
1.0,-1.8086277422997552,-0.3692418879010196
1.0,-0.6234991168503482,2.7516681474432656
1.0,1.3159447502764645,0.28259165774682504
1.0,-1.3750348549144706,2.160683003019354
1.0,0.2920983337778736,-0.6533420615555271
1.0,-0.8301023762532079,0.5896060347745588
1.0,2.3253033579298843,-0.9357959381940414
1.0,-0.7506277276563275,0.020807572162101894
1.0,0.9254560825352693,1.0300793388570038
1.0,0.6822397433713271,1.2383387461105477
1.0,-0.1084556611306745,0.8320845793546544
1.0,-0.1013533323748188,-0.11357968523210772
1.0,-0.44680479542391105,0.3124745017468756
1.0,-0.2555341254977181,-0.6768457630069143
1.0,-0.3531883095172566,0.24242831680234128
1.0,1.0443981004595748,-0.40774072112230986
1.0,-0.5693281657811178,0.7586536355836265
1.0,1.23235402137683,0.36035119905854274
1.0,0.8747820021524283,1.3039808466129639
1.0,0.09735728261978203,-1.1896634346512336
1.0,0.8736995525760294,-1.7280706346455657
1.0,2.008292061093974,1.3778348148543067
1.0,-0.7005907023828909,0.8484423353076432
1.0,-0.6980735852853853,1.3255576868824692
1.0,-0.6023265657832645,-0.8910585823258919
1.0,-0.4702569493627836,-0.32378211840618193
1.0,0.26622458966135176,-1.026443990084961
1.0,-1.2460722405589952,0.3924250348485269
1.0,-0.147311562360183,0.4116845991332111
1.0,-1.0755686874367543,0.5874809317775277
1.0,1.1351163841395495,-1.0215158766373935
1.0,0.9858097160953961,0.4679337009811148
1.0,-0.8492521541408667,-0.7075897925930591
1.0,-0.8641671022731234,-1.1990688470643958
1.0,-1.4459131536732979,-0.10710692465779244
1.0,0.11104784784000475,-0.11052057255269533
1.0,-0.3527392488489657,-1.15411760843248
1.0,0.6715725292777982,-0.5530816894158466
1.0,1.295113458370039,0.0729930825386494
1.0,0.16215801641310962,-0.4502053411769069
1.0,-0.5789183975649382,0.3689529193511886
1.0,1.5973689542756477,0.10168316068255656
1.0,1.7170364825739712,-0.044092834676750445
1.0,-1.501724624039966,0.6554820094124462
1.0,0.5025341895923452,1.2791231721245373
1.0,-2.088079288218222,0.6287724320818152
1.0,-0.6888594298562596,0.3271141230292947
1.0,-0.6077090216067703,-1.1134088989254807
1.0,1.5296237646140665,1.803497410235388
1.0,0.08457449941156578,-1.2832496018250168
1.0,0.9958816312624932,1.3277477011723233
1.0,1.1432518783120633,-0.33986815159977846
1.0,0.40325230653868477,0.6519543666043219
1.0,-0.9245443626673047,-1.763882305082903
1.0,1.3735871325170383,-1.1775564709779711
1.0,1.352781214358316,1.8509934340678011
1.0,0.6273057320880647,-1.421499714052256
1.0,1.1977764346611464,-0.34248814069561817
1.0,1.2830940144796483,-1.3787444127046211
1.0,0.7864044174674928,0.4316019935185946
1.0,0.3783479397422054,-0.16060563062476554
1.0,0.5296571382934708,0.0659006197782237
1.0,0.2742384808315563,-1.48156361327712
1.0,0.941469159135263,0.633633263216054
1.0,-1.7495252188663635,0.7979764043457667
1.0,0.9543219055277363,1.153266796344706
1.0,1.0680550023517603,-0.48414540989481863
1.0,0.32107972743126717,0.28620105903070087
1.0,-0.6029812012260017,-1.1600838765428048
1.0,-0.02180708666566813,-1.1761931158153691
1.0,0.09381072973904632,0.7606464995383685
1.0,-0.2692780951249223,0.26772555822610267
1.0,-0.11762263846296978,-1.7435163691686149
1.0,0.19223653517842235,0.31022863553939
1.0,0.9695880960370206,1.7101437602749283
1.0,0.6253246584731149,0.16885192444356312
1.0,-0.8562372449000422,-0.02062805554620897
1.0,0.6404190270574905,-2.527594990696241
1.0,-1.0466930153591798,0.06298011925072491
1.0,0.5451771814183913,1.2239647819090587
1.0,1.0343680332561658,1.0203504707593714
1.0,0.7438466413270372,0.11216142233104225
1.0,1.1716387825572139,0.4490714191036718
1.0,0.10321345467045959,0.5832609034084205
1.0,0.24212953851499225,0.8315715460401284
1.0,0.13548174204360988,0.8264636357253744
1.0,-0.49192840283437883,-0.33585059106171994
1.0,0.11416142659053603,1.7209970503444971
1.0,0.1460698515248957,-0.6207412207861683
1.0,-0.4278113559799247,0.8731304035603697
1.0,1.393713759872901,-0.9760489888862774
1.0,-0.553155286466618,0.496371120493394
1.0,0.25549912402704533,0.5198264057891433
1.0,-0.2304809495005211,0.9957187800827848
1.0,1.8410759028770698,-0.5590321362865451
1.0,0.5324556858765772,-0.4589300389660343
1.0,0.0064157537814814635,-0.300304240912972
1.0,0.2835646163360027,0.034416788152248995
1.0,1.9839415499138495,0.6074798146246185
1.0,-0.04851844749022645,-0.3586727540853627
1.0,-0.4942973903988612,0.3026756862479299
1.0,0.8260016741087771,0.6338936789336836
1.0,-1.1243610157419832,0.8611992053139068
1.0,0.15954619506870937,0.8587145453192335
1.0,1.1919841642939197,1.0301414241148665
1.0,1.3087200303468345,0.66335085583031
1.0,-1.4682531033168496,0.1667116637767147
1.0,0.1291536195254909,0.27597810422006935
1.0,-0.692810311906037,1.4361582233717605
1.0,0.7860571129565973,-1.6702547914039017
1.0,0.0278629769961528,-0.25419781428347954
1.0,-0.05110498267958193,-1.0679565547969503
1.0,0.4505016960928282,1.2468677156533514
1.0,-1.1660461569577598,-0.596301415165119
1.0,0.09687516027589589,-0.8503317897752476
1.0,-0.05530892591574006,3.37772960177152
1.0,-0.567611304652794,0.6969004390513107
1.0,-1.2420129743026036,0.8953661298225413
1.0,1.3302276832662208,-1.0958061031717297
1.0,0.9018690303121137,0.8094779748756022
1.0,1.1148878650993554,-0.3591380129333241
1.0,1.1987464651817827,1.1293567783379375
1.0,-0.33256002635768384,0.012375879654539085
1.0,0.36133780583204267,0.8530699382224527
1.0,-0.7636843523271855,2.59813681967051
1.0,0.8360569017404504,1.593294837349838
1.0,-1.3047030795602192,-1.0438795169225268
1.0,0.014690093240520018,0.3625264766727149
1.0,0.26262902319317744,0.6657274694273004
1.0,0.5376874259621426,-1.2254335119217168
1.0,0.22565949609839372,-0.05976480953149112
1.0,-0.6299748696529744,0.7200600578402968
1.0,-1.3848538883403612,1.1832643045333502
1.0,1.7789264582025208,-0.8365766177299981
1.0,-1.928275315565038,0.7191878115595512
1.0,-0.9568748812934584,-1.0562421529774952
1.0,-0.46726239281665843,-1.062351135965145
1.0,-0.5905343147473419,1.0371898579939194
1.0,1.4249821108821958,0.07306049641601349
1.0,0.04207145289453615,-0.47786997761815503
1.0,-0.5185726109109604,0.6608251343941276
1.0,-1.8467194123717352,1.47390077120187
1.0,1.0680704427864411,0.1876110773042888
1.0,0.32709529896682754,-2.1473347399707277
1.0,-0.8455358157513754,0.3924188659147772
1.0,-0.3816102146304644,-0.5064184242082946
1.0,-0.5425993105754324,0.41004147721381334
1.0,-2.1139083444856226,-1.3127437907704516
1.0,0.6960265910942581,-0.22318055680906587
1.0,0.0638860997139101,0.48230737372855226
1.0,-0.7803620652916142,-0.09934253218043125
1.0,-1.2982514559020237,-0.1694340656034401
1.0,1.1979867632193688,1.0268756398317633
1.0,-0.13398602648442223,0.5815573008800196
1.0,-0.5702205746608571,1.0402183050645837
1.0,0.5178168407220256,0.6395590560084807
1.0,-2.1016613918092806,1.4130459178156913
1.0,1.037771275429812,-0.4204998584919621
1.0,1.1036717214216358,-0.8586004426839524
1.0,0.266019272646565,0.40225275593631077
1.0,-1.0006369569273699,0.4743225150969093
1.0,2.02838068691599,-0.6297693998578863
1.0,0.5778640789735331,-0.4203933040575243
1.0,1.9101879494778813,-0.07610020366951228
1.0,-0.7213396853187123,-0.6423449991922483
1.0,-0.47245830980200176,1.2103419234074666
1.0,0.43128680984126816,0.22836834134695738
1.0,-0.8615557594920127,-1.161635668164866
1.0,-0.19776366384968674,0.31996116272793207
1.0,-0.43136115942410574,0.1957084211274266
1.0,0.3496820848106658,0.7506517724259236
1.0,1.9774239531829607,-0.055255882994501834
1.0,-1.5299128039207108,-0.4145329058223927
1.0,0.8238425432726645,0.08153826740113546
1.0,-1.0429191406735976,1.34473987421956
1.0,0.4567184449735512,0.10114104873617093
1.0,1.3396008158797104,0.22641262417795605
1.0,-0.129379891240529,-0.24954852687561374
1.0,0.31882514537806145,2.1381008607016283
1.0,0.2538452592773679,0.8726905048711678
1.0,-0.8847015008153095,-0.32003308112234363
1.0,-1.4109378672567827,-0.6336737955752376
1.0,0.7105198356057038,-0.43557795334751764
1.0,0.4128583747935095,0.08980315595964242
1.0,0.40612289905247695,0.5852858605372885
1.0,0.011052084777713748,0.34641570021055096
1.0,-0.13361160776784203,0.5425905181111284
1.0,1.0401737709064163,1.3563747419848315
1.0,-0.16549247660276886,-1.0741397174273783
1.0,-0.393381929222597,1.5399034936349651
1.0,0.8959747382976275,-0.37093050600679267
1.0,0.11581412296747721,0.07344860637724081
